SimonHeath = Simon <simon@alopex.li> 
Talhydras = Paul <paul@alopex.li> 
DavidGibson = David <david@alopex.li> 
EddieConnor = Eddie <eddie@alopex.li> 
DanielNguyen = Daniel <daniel@alopex.li> 
ZachPastore = Zach <zach@alopex.li> 
witsharprthnfang = Jacqui <jacqui@alopex.li> 
Dark_Sentinel = DarkSentinel <heresy@alopex.li> 
chris = Chris <chris@alopex.li> 
ElizabethBrewster = Lizzie <burn@alopex.li> 
IsaacMeyer = Isaac <isaac@alopex.li> 
melmercado = Melanie <melanie@alopex.li>

